{
    "no_shuffle": [
        0.049787068367863944,
        0.049787068367863944,
        0.049787068367863944,
        0.049787068367863944,
        0,
        0,
        0,
        NaN,
        NaN,
        NaN,
        NaN
    ],
    "shuffle": [
        0.049787068367863944,
        0.049787068367863944,
        0.049787068367863944,
        0.049787068367863944,
        0,
        0,
        0,
        0.049787068367863944,
        0.049787068367863944,
        0.049787068367863944,
        0.049787068367863944
    ]
}