{
    "2": [
        0.17362260818481445,
        0.3499569892883301,
        1.0852670669555664,
        4.543821096420288,
        26.152793169021606,
        166.92553901672363
    ],
    "4": [
        0.16867280006408691,
        0.3379180431365967,
        1.0261738300323486,
        4.836319923400879,
        25.892629146575928,
        161.37320184707642
    ],
    "6": [
        0.18615031242370605,
        0.3506639003753662,
        1.0230038166046143,
        4.533299922943115,
        26.22209906578064,
        157.8289520740509
    ],
    "8": [
        0.16784930229187012,
        0.35151195526123047,
        1.0249311923980713,
        4.628933906555176,
        25.018085956573486,
        169.9281620979309
    ]
}