{
    "2": [
        0.04368837674458822,
        0.3627753257751465,
        1.420954704284668,
        3.7219900290171304,
        8.065596659978231,
        16.128082354863484,
        29.132818698883057
    ],
    "4": [
        0.04424635569254557,
        0.3794124126434326,
        1.5039343039194744,
        3.6399022738138833,
        9.077250957489014,
        18.113376299540203,
        32.661128282547
    ],
    "6": [
        0.05019497871398926,
        0.4142576853434245,
        1.5058993498484294,
        3.617829958597819,
        9.06323758761088,
        20.112446308135986,
        33.815964698791504
    ],
    "8": [
        0.0535426139831543,
        0.4448409875233968,
        1.5934944152832031,
        3.8788560231526694,
        8.912308613459269,
        20.21266833941142,
        40.46525398890177
    ]
}