{
    "2": [
        0.17733407020568848,
        0.356367826461792,
        1.1024110317230225,
        4.718010187149048,
        26.20330286026001,
        160.37660694122314
    ],
    "4": [
        0.17132210731506348,
        0.33948183059692383,
        1.0321621894836426,
        4.376102924346924,
        24.38799786567688,
        160.05852913856506
    ],
    "6": [
        0.1655130386352539,
        0.32701897621154785,
        1.0021541118621826,
        4.289439916610718,
        24.846876859664917,
        159.1125419139862
    ],
    "8": [
        0.1689741611480713,
        0.3335878849029541,
        1.0594091415405273,
        4.658837080001831,
        25.418102025985718,
        160.56752514839172
    ]
}