{
    "social_welfares": [
        0.734015186497342,
        0.7873352356868527,
        0.8349458884666943,
        0.8749944783187135,
        0.9070298528371983,
        0.9316709111634152,
        0.9500953841099619,
        0.9636141374467525,
        0.9734222765096137,
        0.9804999075323079,
        0.9856020564671137,
        0.9892884849439771,
        0.9919645589711229,
        0.9939197828624313,
        0.9953593760172578
    ],
    "social_welfares_with_uplift": [
        0.734015186497342,
        0.7873352356868527,
        0,
        0,
        0,
        0,
        0,
        0,
        0,
        0,
        0,
        0,
        0,
        0,
        0
    ]
}