{
    "social_welfares": [
        0.8279431064716987,
        0.8620771657322281,
        0.899415819451038,
        0.9524128604751894,
        0.9779094436669463,
        0.9893434332369035,
        0.994425224708165,
        0.9967918130061987,
        0.9979952124932462,
        0.9986730329268669,
        0.999090216639438,
        0.9993633379438931,
        0.9995488779734184,
        0.9996775107702603,
        0.999767685521758
    ],
    "social_welfares_with_uplift": [
        0.8279431064716987,
        0.8620771657322281,
        0,
        0,
        0,
        0,
        0,
        0,
        0,
        0,
        0,
        0,
        0,
        0,
        0
    ]
}