{
    "social_welfares": [
        0.8333333333333337,
        0.8653462504111312,
        0.8999484442629577,
        0.9528087951012514,
        0.9781792697061389,
        0.9895172542708978,
        0.9945334510598214,
        0.9968579977746206,
        0.9980354919688463,
        0.9986977502146458,
        0.9991057438095133,
        0.9993735023191631,
        0.9995559393451425,
        0.9996827875042915,
        0.999771940242031
    ],
    "social_welfares_with_uplift": [
        0.8333333333333337,
        0.8653462504111312,
        0.8940086396462366,
        0.9185964162662509,
        0.9388646432053503,
        0.9549847134148101,
        0.9674124720088672,
        0.9767440202670088,
        0.9835987937566456,
        0.9885446904146956,
        0.9920618800117671,
        0.9945340784022025,
        0.9962556238816074,
        0.9974455386269329,
        0.9982631112343191
    ]
}