{
    "social_welfares": [
        0.8333333333333334,
        0.8653462504111311,
        0.8940086396462361,
        0.9185964162662507,
        0.93886464320535,
        0.95498471341481,
        0.967412472008867,
        0.9767440202670082,
        0.9835987937566454,
        0.9885446904146953,
        0.9920618800117667,
        0.9945340784022023,
        0.996255623881607,
        0.9974455386269324,
        0.9982631112343189
    ],
    "social_welfares_with_uplift": [
        0.8333333333333334,
        0.8653462504111311,
        0.8940086396462361,
        0.9185964162662507,
        0.93886464320535,
        0.95498471341481,
        0.967412472008867,
        0.9767440202670082,
        0.9835987937566454,
        0.9885446904146953,
        0.9920618800117667,
        0.9945340784022023,
        0.996255623881607,
        0.9974455386269324,
        0.9982631112343189
    ]
}