{
    "human": [
        0.8403492819947277,
        0.8400674707533734,
        0.8400673762479475,
        0.8400673762162444,
        0.8400673762162337
    ],
    "joint_system": [
        0.8807680563624946,
        0.8807680563624946,
        0.8807680563624946,
        0.8574148289214776,
        0.8922259633525247
    ],
    "joint_system_with_uplift": [
        0.8807680563624946,
        0.8807680563624946,
        0.8807680563624946,
        0.8436252603241323,
        0.8706711560230297
    ]
}